id,first_name,last_name,email,gender,ip_address,country
1,Meryl,Borth,mborth0@ow.ly,Female,29.209.97.255,Armenia
2,Vivia,Trenholm,vtrenholm1@toplist.cz,Female,146.41.150.228,Serbia
3,Peyter,Christie,pchristie2@vkontakte.ru,Male,195.111.176.67,Bahamas
4,Dukie,Chagg,dchagg3@abc.net.au,Male,247.199.120.250,Indonesia
5,Sonnie,Benaine,sbenaine4@vkontakte.ru,Male,234.93.138.167,Brazil
6,Archibold,Slidders,aslidders5@e-recht24.de,Male,240.209.78.173,Ukraine
7,Creigh,Khotler,ckhotler6@stumbleupon.com,Male,249.129.220.192,Czech Republic
8,Maye,Stallebrass,mstallebrass7@nationalgeographic.com,Female,132.30.104.168,Indonesia
9,Heywood,Jermin,hjermin8@dropbox.com,Male,133.46.83.142,Chile
10,Sutherlan,Swatten,sswatten9@jimdo.com,Male,29.154.181.17,Portugal
11,Redford,Dunican,rdunicana@deliciousdays.com,Male,60.68.176.255,United States
12,Rennie,Markovich,rmarkovichb@craigslist.org,Female,202.65.6.89,Nigeria
13,Cornelia,Dadge,cdadgec@domainmarket.com,Female,49.203.117.10,France
14,Prentice,Laverick,plaverickd@domainmarket.com,Male,131.196.68.60,Argentina
15,Charmaine,Busswell,cbusswelle@yellowpages.com,Female,125.188.122.109,China
16,Ripley,Marrion,rmarrionf@virginia.edu,Male,192.3.10.116,Brazil
17,Kerry,Albany,kalbanyg@storify.com,Male,197.125.164.204,Azerbaijan
18,Ode,Wason,owasonh@wsj.com,Male,4.115.114.205,China
19,Myranda,Panketh,mpankethi@bbb.org,Female,231.27.6.44,Malta
20,Wyatt,Hartell,whartellj@tamu.edu,Male,76.5.101.162,Indonesia
21,Valeria,Beeson,vbeesonk@goo.gl,Female,224.191.229.23,Portugal
22,Claiborne,Keepe,ckeepel@nifty.com,Male,231.213.230.229,Dominican Republic
23,Mack,Adolf,madolfm@phpbb.com,Male,83.84.188.140,Canada
24,Rockie,Ruggieri,rruggierin@lycos.com,Male,114.50.210.70,Indonesia
25,Giulio,Chatterton,gchattertono@devhub.com,Male,98.254.209.72,Brazil
26,Jonas,Agent,jagentp@google.com.br,Male,255.93.11.104,Indonesia
27,Timmy,Crunden,tcrundenq@mlb.com,Male,246.45.158.165,Russia
28,Anthea,Shah,ashahr@unesco.org,Female,86.28.225.179,China
29,Tallie,Totterdell,ttotterdells@howstuffworks.com,Male,63.65.40.145,Sweden
30,Shelby,Ends,sendst@spotify.com,Male,254.199.95.135,Syria
31,Loralie,Lefwich,llefwichu@tripod.com,Female,198.164.199.208,Indonesia
32,Avigdor,Rennolds,arennoldsv@nifty.com,Male,74.238.233.39,Spain
33,Diann,Eastcott,deastcottw@wisc.edu,Female,225.171.223.83,Israel
34,Gene,Cobbald,gcobbaldx@printfriendly.com,Male,128.111.141.4,Czech Republic
35,Tessy,Poyner,tpoynery@apache.org,Female,160.136.108.180,Belarus
36,Lane,Besnardeau,lbesnardeauz@acquirethisname.com,Female,19.86.45.227,Thailand
37,Wake,Carek,wcarek10@scribd.com,Male,51.92.129.70,Ireland
38,Helsa,Padden,hpadden11@mayoclinic.com,Female,66.119.115.183,Indonesia
39,Ellsworth,Beincken,ebeincken12@dailymotion.com,Male,228.98.58.13,Belarus
40,Kelcy,Brosnan,kbrosnan13@sfgate.com,Female,190.36.41.56,Indonesia
41,Gail,Bwy,gbwy14@soundcloud.com,Female,197.249.234.67,Indonesia
42,Hy,Muxworthy,hmuxworthy15@dropbox.com,Male,64.207.76.61,Philippines
43,Bree,White,bwhite16@ibm.com,Female,203.255.231.244,China
44,Rochester,Bourdas,rbourdas17@webnode.com,Male,84.150.129.134,Armenia
45,Vincents,Domnin,vdomnin18@wikipedia.org,Male,8.8.171.76,Philippines
46,Minta,Tuddenham,mtuddenham19@seattletimes.com,Female,161.79.62.210,Russia
47,Rosabel,Scarlet,rscarlet1a@multiply.com,Female,232.176.139.222,Norway
48,Terrye,Huggens,thuggens1b@google.com.au,Female,55.205.121.116,Colombia
49,Eal,Stroyan,estroyan1c@illinois.edu,Male,108.19.124.53,Egypt
50,Clayborn,Dwyr,cdwyr1d@a8.net,Male,84.243.135.56,Ukraine
51,Sonny,Sheehan,ssheehan1e@hostgator.com,Male,214.80.155.176,Indonesia
52,Ingram,Draper,idraper1f@technorati.com,Male,238.198.121.174,Tunisia
53,Ephrayim,Reagan,ereagan1g@census.gov,Male,49.62.121.192,Philippines
54,Sharai,Skells,sskells1h@artisteer.com,Female,183.188.194.4,Russia
55,Matty,Banks,mbanks1i@purevolume.com,Male,56.217.96.98,China
56,Catlaina,Balcon,cbalcon1j@theatlantic.com,Female,245.119.96.76,Portugal
57,Fionna,Kilalea,fkilalea1k@bloomberg.com,Female,19.106.10.193,Belarus
58,Jonah,Eskrick,jeskrick1l@t-online.de,Male,93.45.172.117,France
59,Wainwright,Roughley,wroughley1m@icq.com,Male,197.209.6.251,Portugal
60,Darb,Trevor,dtrevor1n@spotify.com,Male,20.211.125.53,China
61,Olvan,Elfes,oelfes1o@imdb.com,Male,151.206.184.189,Poland
62,Heda,Molen,hmolen1p@sbwire.com,Female,178.141.117.85,Venezuela
63,Annis,Artist,aartist1q@nifty.com,Female,239.218.235.171,Nigeria
64,Kelby,Nise,knise1r@pinterest.com,Male,174.62.100.182,Brazil
65,Garvey,Hazlehurst,ghazlehurst1s@epa.gov,Male,100.87.119.144,China
66,Rivalee,Tidbold,rtidbold1t@github.io,Female,70.214.148.129,Micronesia
67,Huntlee,Raveau,hraveau1u@webs.com,Male,154.222.8.119,Vietnam
68,Vance,Newstead,vnewstead1v@elegantthemes.com,Male,224.120.100.71,China
69,Salvidor,Crocetti,scrocetti1w@nba.com,Male,255.37.69.120,China
70,Lucais,Spritt,lspritt1x@360.cn,Male,205.69.130.161,South Korea
71,Orlan,Newbatt,onewbatt1y@google.ru,Male,159.104.156.185,China
72,Karna,Stennett,kstennett1z@netvibes.com,Female,217.74.169.146,Morocco
73,Cary,O'Doireidh,codoireidh20@hatena.ne.jp,Female,55.134.71.51,Russia
74,Micaela,Kloser,mkloser21@miitbeian.gov.cn,Female,243.231.186.26,United Kingdom
75,Sheena,Lunbech,slunbech22@cocolog-nifty.com,Female,120.45.155.82,Russia
76,Hyacintha,Looby,hlooby23@myspace.com,Female,230.209.92.207,Brazil
77,Tallulah,Kearford,tkearford24@wiley.com,Female,161.238.141.229,Panama
78,Shelly,Labin,slabin25@psu.edu,Female,237.210.193.48,China
79,Dolly,Mycock,dmycock26@mlb.com,Female,181.2.120.40,Indonesia
80,Audre,Gorse,agorse27@tinyurl.com,Female,64.224.41.234,Malaysia
81,Vicki,Carn,vcarn28@chronoengine.com,Female,221.2.127.197,Ecuador
82,Isidor,O'Carran,iocarran29@latimes.com,Male,62.219.172.17,China
83,Alexandrina,Sennett,asennett2a@themeforest.net,Female,178.168.167.93,Indonesia
84,Eimile,Egleton,eegleton2b@yellowpages.com,Female,50.61.11.251,Indonesia
85,Orelie,Spedroni,ospedroni2c@amazon.de,Female,235.7.34.233,Vietnam
86,Pascal,Challenor,pchallenor2d@t-online.de,Male,56.74.211.119,China
87,Adams,Angerstein,aangerstein2e@mayoclinic.com,Male,187.201.77.120,Russia
88,Diane-marie,Birkhead,dbirkhead2f@tiny.cc,Female,45.233.151.14,Poland
89,Jehu,Micklem,jmicklem2g@columbia.edu,Male,166.236.132.35,Russia
90,Artus,Bartolomeotti,abartolomeotti2h@psu.edu,Male,5.45.234.2,China
91,Denice,Eastridge,deastridge2i@nasa.gov,Female,235.140.60.98,Greece
92,Ramon,Brazenor,rbrazenor2j@addthis.com,Male,137.79.69.81,Peru
93,Joshia,Satterthwaite,jsatterthwaite2k@addthis.com,Male,165.58.30.151,Argentina
94,Norry,Doggrell,ndoggrell2l@skype.com,Female,255.199.83.16,Kuwait
95,Temp,Greeve,tgreeve2m@sitemeter.com,Male,179.119.10.7,Indonesia
96,Joanna,Lefley,jlefley2n@globo.com,Female,255.82.27.248,Republic of the Congo
97,Euphemia,Windridge,ewindridge2o@gravatar.com,Female,115.108.1.160,China
98,Jacinda,Calverley,jcalverley2p@biblegateway.com,Female,113.254.250.42,Indonesia
99,Ric,Alldred,ralldred2q@huffingtonpost.com,Male,53.136.56.66,Portugal
100,Tiffanie,Erni,terni2r@stanford.edu,Female,103.40.101.16,Czech Republic
101,Rollins,Slessar,rslessar2s@nasa.gov,Male,49.118.124.3,Russia
102,Rhett,Binnion,rbinnion2t@livejournal.com,Male,189.135.143.97,Afghanistan
103,Bald,Hakonsen,bhakonsen2u@webs.com,Male,109.175.200.117,Portugal
104,Anthia,Bryceson,abryceson2v@bravesites.com,Female,84.27.99.58,Brazil
105,Celestyn,Etherton,cetherton2w@merriam-webster.com,Female,57.20.239.182,Portugal
106,Magda,Tift,mtift2x@bbc.co.uk,Female,96.48.124.181,Albania
107,Dugald,Confait,dconfait2y@statcounter.com,Male,19.44.78.183,Greece
108,Charles,Mosdall,cmosdall2z@apple.com,Male,199.190.227.102,Czech Republic
109,Kaitlin,Bridat,kbridat30@cnet.com,Female,211.127.222.171,Indonesia
110,Nefen,Stalf,nstalf31@symantec.com,Male,148.205.158.243,Russia
111,Bax,Trounce,btrounce32@nytimes.com,Male,54.85.181.191,China
112,Conny,Blakeston,cblakeston33@google.com.hk,Male,171.204.84.227,Sri Lanka
113,Nikoletta,Emanulsson,nemanulsson34@icq.com,Female,200.80.94.165,Macedonia
114,Matty,Greatbank,mgreatbank35@ocn.ne.jp,Male,56.237.86.64,Libya
115,Deanne,Barwood,dbarwood36@mozilla.com,Female,143.58.136.183,China
116,Moses,Wheadon,mwheadon37@earthlink.net,Male,14.143.99.80,China
117,Farica,Iorizzi,fiorizzi38@apple.com,Female,74.59.160.152,Moldova
118,Beau,Stirling,bstirling39@themeforest.net,Male,212.186.40.9,Thailand
119,Leland,Ivantyev,livantyev3a@weebly.com,Female,191.81.191.13,China
120,Kelcie,Kail,kkail3b@tumblr.com,Female,37.201.123.15,Colombia
121,Ignace,Harbour,iharbour3c@archive.org,Male,93.210.35.24,China
122,Huey,Gosling,hgosling3d@bloglines.com,Male,70.202.92.48,Indonesia
123,Dennie,Tong,dtong3e@mediafire.com,Male,82.81.92.251,Portugal
124,Marsh,Blackstock,mblackstock3f@bloglovin.com,Male,84.78.14.150,China
125,Welbie,Tapping,wtapping3g@omniture.com,Male,116.171.71.144,Argentina
126,Ame,Badgers,abadgers3h@ed.gov,Female,250.251.234.248,Spain
127,Kriste,Gouldthorpe,kgouldthorpe3i@businessweek.com,Female,143.255.9.238,Azerbaijan
128,Sandor,Heinl,sheinl3j@free.fr,Male,127.122.98.238,Indonesia
129,Valma,Aronowitz,varonowitz3k@istockphoto.com,Female,116.47.45.210,Greece
130,Skippy,Endean,sendean3l@digg.com,Male,22.11.78.236,Poland
131,Elmo,Espine,eespine3m@globo.com,Male,66.109.174.26,Honduras
132,Celene,Dorn,cdorn3n@gnu.org,Female,47.202.118.34,China
133,Marie-jeanne,Milliken,mmilliken3o@nhs.uk,Female,136.246.143.157,China
134,Trumaine,Hands,thands3p@engadget.com,Male,54.254.72.187,Brazil
135,Bentlee,Crooks,bcrooks3q@ft.com,Male,230.44.239.204,Pakistan
136,Freddi,Ducastel,fducastel3r@paginegialle.it,Female,186.95.141.42,Ukraine
137,Hardy,Fautly,hfautly3s@de.vu,Male,15.141.176.55,Brazil
138,Dido,Fairnington,dfairnington3t@usatoday.com,Female,141.139.28.224,Brazil
139,Gabey,Scardafield,gscardafield3u@livejournal.com,Female,247.203.171.8,Philippines
140,Halli,Gariff,hgariff3v@dell.com,Female,55.71.246.160,United States
141,Maribel,Click,mclick3w@networkadvertising.org,Female,84.40.243.245,Argentina
142,Giacomo,Longden,glongden3x@auda.org.au,Male,212.235.159.41,China
143,Jerad,Rizzone,jrizzone3y@is.gd,Male,177.8.114.3,Philippines
144,Saleem,Riddick,sriddick3z@apache.org,Male,114.219.213.238,Russia
145,Beverlie,Syrett,bsyrett40@thetimes.co.uk,Female,218.91.191.65,United States
146,Mortie,Fisbburne,mfisbburne41@yale.edu,Male,0.74.112.179,China
147,Temp,Clancy,tclancy42@t-online.de,Male,39.42.171.216,China
148,Ernestus,Dorton,edorton43@creativecommons.org,Male,120.125.0.7,Czech Republic
149,Milli,McCart,mmccart44@desdev.cn,Female,168.153.130.101,Russia
150,Ellswerth,Mawd,emawd45@domainmarket.com,Male,237.179.223.198,China
151,Horten,Le Grand,hlegrand46@nhs.uk,Male,68.172.187.98,China
152,Amble,Pedroni,apedroni47@si.edu,Male,146.180.104.175,China
153,Sully,Strasse,sstrasse48@de.vu,Male,148.221.169.105,Indonesia
154,Amii,Olliff,aolliff49@fda.gov,Female,72.222.39.155,Portugal
155,Dido,Walley,dwalley4a@edublogs.org,Female,243.191.22.252,Philippines
156,Juieta,Connaughton,jconnaughton4b@rambler.ru,Female,193.26.253.192,Portugal
157,Rubi,Cabel,rcabel4c@wiley.com,Female,199.117.163.22,China
158,Saunders,Hastwell,shastwell4d@parallels.com,Male,240.201.79.153,Pakistan
159,Gian,Sprowell,gsprowell4e@yandex.ru,Male,172.178.80.92,Russia
160,Bobby,Flewan,bflewan4f@vk.com,Male,113.63.134.250,Canada
161,Ty,Ochiltree,tochiltree4g@hostgator.com,Male,199.239.60.251,Syria
162,Jasun,Rumgay,jrumgay4h@digg.com,Male,64.108.198.107,Latvia
163,Clari,Hanshaw,chanshaw4i@zimbio.com,Female,213.201.179.6,Yemen
164,Carlen,Sonner,csonner4j@walmart.com,Female,239.231.228.237,China
165,Britney,Lodwig,blodwig4k@wikimedia.org,Female,159.254.147.183,Albania
166,Lynett,Figg,lfigg4l@indiegogo.com,Female,32.131.40.84,Zambia
167,Jeddy,Andreev,jandreev4m@chicagotribune.com,Male,83.21.241.111,Palestinian Territory
168,Hendrik,Goddard,hgoddard4n@e-recht24.de,Male,157.27.71.206,Mexico
169,Caria,Degoey,cdegoey4o@cargocollective.com,Female,239.174.140.216,Latvia
170,Rudiger,Dundendale,rdundendale4p@cdbaby.com,Male,214.221.192.237,Brazil
171,Eddie,Ladyman,eladyman4q@macromedia.com,Female,80.55.95.236,Portugal
172,Bryant,Stallybrass,bstallybrass4r@ed.gov,Male,225.73.67.33,China
173,Kaleb,Gimber,kgimber4s@netscape.com,Male,54.20.79.39,Colombia
174,Sayre,Pittel,spittel4t@state.tx.us,Female,2.103.75.172,Spain
175,Meghan,Killshaw,mkillshaw4u@examiner.com,Female,97.68.199.168,Brazil
176,Hamnet,Ciccotti,hciccotti4v@nps.gov,Male,136.88.162.138,Colombia
177,Gilberte,Newburn,gnewburn4w@smugmug.com,Female,152.78.234.142,Portugal
178,Jere,Shackleford,jshackleford4x@huffingtonpost.com,Male,59.164.108.73,Portugal
179,Had,Durand,hdurand4y@taobao.com,Male,91.242.86.118,Malaysia
180,Ike,Lansley,ilansley4z@pagesperso-orange.fr,Male,124.126.121.5,China
181,Darsie,Peerless,dpeerless50@pinterest.com,Female,70.101.69.121,Peru
182,Isabel,Duce,iduce51@xing.com,Female,50.146.241.219,United States
183,Elaina,Dignam,edignam52@ox.ac.uk,Female,9.176.230.213,France
184,Mignonne,Hollyard,mhollyard53@discuz.net,Female,0.190.16.156,Brazil
185,Luther,Beverley,lbeverley54@google.com.br,Male,243.105.8.53,Argentina
186,Beauregard,Witherup,bwitherup55@buzzfeed.com,Male,6.164.97.52,Guatemala
187,Nani,Coolahan,ncoolahan56@zimbio.com,Female,225.247.13.79,Philippines
188,Raquela,Casey,rcasey57@admin.ch,Female,100.81.177.50,Iran
189,Jennifer,Fost,jfost58@dailymail.co.uk,Female,118.90.188.39,Egypt
190,Andie,Luna,aluna59@nature.com,Male,145.54.23.188,Peru
191,Noami,Capponeer,ncapponeer5a@toplist.cz,Female,204.209.239.18,Syria
192,Pen,Eadie,peadie5b@msu.edu,Female,141.249.242.12,China
193,Claudian,Will,cwill5c@behance.net,Male,239.23.60.79,Mexico
194,Ursola,Van Niekerk,uvanniekerk5d@google.fr,Female,23.237.82.205,Poland
195,Meyer,Macy,mmacy5e@gizmodo.com,Male,4.178.224.99,Malaysia
196,Cristen,Calverley,ccalverley5f@google.ru,Female,1.226.179.169,China
197,Dacy,Custy,dcusty5g@issuu.com,Female,188.178.190.117,Sweden
198,Langsdon,Yuryshev,lyuryshev5h@simplemachines.org,Male,160.182.183.139,Azerbaijan
199,Joshuah,Scholler,jscholler5i@va.gov,Male,57.22.27.124,Bolivia
200,Crichton,Capelin,ccapelin5j@latimes.com,Male,55.122.27.85,China
201,Marian,Ballister,mballister5k@furl.net,Female,103.53.27.38,Japan
202,Dominick,Timcke,dtimcke5l@japanpost.jp,Male,7.231.193.90,Paraguay
203,Heda,Geffcock,hgeffcock5m@vistaprint.com,Female,233.20.77.145,Kuwait
204,Mikael,Elcombe,melcombe5n@posterous.com,Male,196.204.234.156,France
205,Millisent,Camerati,mcamerati5o@nifty.com,Female,123.178.67.15,Indonesia
206,Drake,Coot,dcoot5p@wordpress.org,Male,119.144.52.158,Poland
207,Tera,Klimochkin,tklimochkin5q@geocities.jp,Female,227.98.229.158,Indonesia
208,Monti,Barratt,mbarratt5r@dyndns.org,Male,82.15.162.246,China
209,Vivie,Tucker,vtucker5s@virginia.edu,Female,44.94.43.217,Malaysia
210,Arlan,Jost,ajost5t@army.mil,Male,229.188.195.43,Russia
211,Gorden,Marsters,gmarsters5u@4shared.com,Male,202.144.88.110,South Africa
212,Marlie,Attride,mattride5v@adobe.com,Female,132.199.111.185,China
213,Fraze,Ennew,fennew5w@creativecommons.org,Male,196.133.173.143,Canada
214,Gerri,MacCurley,gmaccurley5x@gmpg.org,Female,41.73.211.142,Indonesia
215,Dredi,Kenningley,dkenningley5y@indiatimes.com,Female,142.67.98.143,China
216,Siegfried,Deane,sdeane5z@twitpic.com,Male,207.30.73.226,New Caledonia
217,Larissa,McGavigan,lmcgavigan60@yelp.com,Female,41.170.69.231,China
218,Nicholle,Dunkerly,ndunkerly61@taobao.com,Female,0.56.168.100,Nigeria
219,Annette,Baton,abaton62@over-blog.com,Female,101.221.77.153,Peru
220,Zachery,Marple,zmarple63@jugem.jp,Male,118.236.13.211,Peru
221,Queenie,Gammett,qgammett64@pagesperso-orange.fr,Female,225.225.150.254,Poland
222,Kacey,Baudains,kbaudains65@earthlink.net,Female,231.92.248.254,Brazil
223,Cindee,Tiebe,ctiebe66@bloomberg.com,Female,3.55.177.108,Portugal
224,Kermy,Gooday,kgooday67@tripod.com,Male,17.164.90.75,Indonesia
225,Jinny,Fain,jfain68@businesswire.com,Female,250.62.62.226,Indonesia
226,Tore,Maryin,tmaryin69@europa.eu,Male,100.130.33.48,France
227,Loraine,Daintree,ldaintree6a@xing.com,Female,121.151.175.195,Kazakhstan
228,Alard,Torrent,atorrent6b@over-blog.com,Male,12.254.148.110,South Korea
229,Arch,Waberer,awaberer6c@weibo.com,Male,127.133.221.63,Philippines
230,Cyndie,Timmens,ctimmens6d@webnode.com,Female,65.47.57.91,China
231,Bron,Royds,broyds6e@mayoclinic.com,Male,39.45.56.135,Poland
232,Cullie,Burnie,cburnie6f@ibm.com,Male,142.253.218.88,Argentina
233,Shayne,Cullington,scullington6g@tripod.com,Female,134.217.204.215,Canada
234,Melvin,Szymanowicz,mszymanowicz6h@tiny.cc,Male,100.223.53.215,Philippines
235,Darla,Fippe,dfippe6i@weibo.com,Female,240.68.13.213,China
236,Michel,Addie,maddie6j@elpais.com,Male,176.230.230.209,Peru
237,Chaunce,Pacitti,cpacitti6k@toplist.cz,Male,244.97.46.16,Argentina
238,Madella,Isac,misac6l@mapquest.com,Female,162.100.239.224,Ireland
239,Pamelina,Paulazzi,ppaulazzi6m@prlog.org,Female,120.223.241.82,Sweden
240,Auberon,Archbutt,aarchbutt6n@dyndns.org,Male,65.72.142.190,Indonesia
241,Boyce,Pidcock,bpidcock6o@economist.com,Male,109.16.200.170,Malaysia
242,Percival,Nendick,pnendick6p@ebay.co.uk,Male,137.47.2.42,Philippines
243,Bond,Cicchinelli,bcicchinelli6q@cocolog-nifty.com,Male,55.187.86.111,Denmark
244,Glennis,Coulston,gcoulston6r@eepurl.com,Female,21.205.82.191,Honduras
245,Faina,Pennrington,fpennrington6s@rambler.ru,Female,124.64.98.176,Indonesia
246,Garnet,Broomhead,gbroomhead6t@amazon.co.uk,Female,118.108.4.84,Philippines
247,Aurelie,Werner,awerner6u@ycombinator.com,Female,28.174.133.145,Portugal
248,Katy,Dyte,kdyte6v@google.com,Female,59.146.162.218,France
249,Billye,Tuley,btuley6w@aol.com,Female,223.116.250.107,Indonesia
250,Thaddeus,Hallatt,thallatt6x@rediff.com,Male,197.99.20.96,Madagascar
251,Nelie,Theml,ntheml6y@slashdot.org,Female,127.242.62.137,Malaysia
252,Ashby,Borel,aborel6z@usatoday.com,Male,96.27.101.240,China
253,Nevins,Lochet,nlochet70@istockphoto.com,Male,44.223.57.78,Peru
254,Perceval,Santora,psantora71@zdnet.com,Male,7.160.145.126,Morocco
255,Denis,Athey,dathey72@elpais.com,Male,134.151.95.144,Luxembourg
256,Leslie,Fawckner,lfawckner73@github.com,Male,18.211.213.87,Indonesia
257,Yanaton,Josipovitz,yjosipovitz74@alexa.com,Male,109.82.100.99,Finland
258,Bartholomeo,Purkiss,bpurkiss75@facebook.com,Male,6.63.229.184,Indonesia
259,Theodoric,Suston,tsuston76@vistaprint.com,Male,99.102.20.11,China
260,Elia,Cromwell,ecromwell77@vistaprint.com,Male,12.172.93.16,Czech Republic
261,Zebulon,Pettiford,zpettiford78@ehow.com,Male,238.116.214.149,Russia
262,Barde,Lodden,blodden79@wikispaces.com,Male,231.89.223.229,Slovenia
263,Lory,Scorthorne,lscorthorne7a@google.ca,Female,129.217.34.174,Japan
264,Nettie,Owen,nowen7b@deviantart.com,Female,28.177.150.159,Tanzania
265,Gibbie,Powter,gpowter7c@unesco.org,Male,57.52.162.216,El Salvador
266,Reinhard,Palethorpe,rpalethorpe7d@businessweek.com,Male,177.81.84.234,United States
267,Pat,Bohden,pbohden7e@rambler.ru,Male,214.126.165.20,China
268,Jocelin,Songist,jsongist7f@zdnet.com,Female,71.145.212.162,Tunisia
269,Ruperto,Dowbekin,rdowbekin7g@cargocollective.com,Male,213.160.83.161,Palestinian Territory
270,Nelson,Ikins,nikins7h@opensource.org,Male,147.54.159.181,Argentina
271,Skylar,Dewen,sdewen7i@wix.com,Male,88.243.217.55,Peru
272,Bambi,Venmore,bvenmore7j@boston.com,Female,208.9.9.52,Indonesia
273,Henrie,Jerdein,hjerdein7k@opensource.org,Female,86.113.94.117,Ukraine
274,Adolf,Stollsteiner,astollsteiner7l@ifeng.com,Male,96.119.254.253,Swaziland
275,Larina,Kellick,lkellick7m@twitpic.com,Female,80.42.211.7,Indonesia
276,Aurthur,Minster,aminster7n@cnet.com,Male,117.252.81.88,Indonesia
277,Charmian,Chittem,cchittem7o@ebay.co.uk,Female,222.113.194.39,Thailand
278,Indira,Tweedle,itweedle7p@tinypic.com,Female,39.248.245.181,Greece
279,Adria,Woolnough,awoolnough7q@merriam-webster.com,Female,204.123.239.88,Nigeria
280,Anabelle,Nottingham,anottingham7r@bloglines.com,Female,44.130.84.132,Colombia
281,Maryanna,Haffard,mhaffard7s@answers.com,Female,127.243.118.166,Slovenia
282,Willow,Pherps,wpherps7t@netlog.com,Female,92.194.117.49,Russia
283,Cristian,Slyde,cslyde7u@moonfruit.com,Male,100.17.58.169,Greece
284,Gualterio,Swindall,gswindall7v@apache.org,Male,234.218.217.14,Kenya
285,Antoni,Paramor,aparamor7w@godaddy.com,Male,171.155.0.203,Russia
286,Yovonnda,Sowood,ysowood7x@earthlink.net,Female,181.59.220.141,Tanzania
287,Caril,Garside,cgarside7y@blinklist.com,Female,189.24.37.152,Brazil
288,Denice,Sango,dsango7z@ameblo.jp,Female,59.197.42.118,China
289,Gussy,Jahan,gjahan80@umich.edu,Female,255.14.32.26,Indonesia
290,Dionisio,Youll,dyoull81@dropbox.com,Male,27.195.42.112,Russia
291,Guendolen,Warland,gwarland82@blogs.com,Female,225.186.202.242,Japan
292,Coleman,Lashley,clashley83@statcounter.com,Male,103.129.17.153,Indonesia
293,Stanly,Cecchetelli,scecchetelli84@cornell.edu,Male,181.93.202.54,Costa Rica
294,Eleanore,Deniskevich,edeniskevich85@slideshare.net,Female,133.143.162.204,China
295,Paten,Auton,pauton86@census.gov,Male,181.76.129.145,Equatorial Guinea
296,Brandtr,Hawkwood,bhawkwood87@ucoz.ru,Male,82.158.45.214,Japan
297,Abel,Bruineman,abruineman88@yellowpages.com,Male,207.61.43.10,Canada
298,Waldo,Lipson,wlipson89@google.de,Male,209.219.149.36,France
299,Conroy,Meriel,cmeriel8a@constantcontact.com,Male,74.148.94.127,China
300,Eleanora,Kernan,ekernan8b@tripadvisor.com,Female,99.33.228.189,Poland
301,Tabb,Wildblood,twildblood8c@privacy.gov.au,Male,28.108.164.13,Colombia
302,Gayler,Duddle,gduddle8d@marriott.com,Male,41.239.204.53,Indonesia
303,Tomi,Pottes,tpottes8e@webmd.com,Female,143.235.168.151,Luxembourg
304,Townsend,Black,tblack8f@creativecommons.org,Male,87.23.245.221,Brazil
305,Jehu,Fibben,jfibben8g@list-manage.com,Male,243.235.65.204,China
306,Felix,Anwell,fanwell8h@squarespace.com,Male,238.66.128.216,Argentina
307,Ingamar,Jaulme,ijaulme8i@purevolume.com,Male,60.209.50.50,China
308,Mikey,Brunnstein,mbrunnstein8j@ucoz.ru,Male,165.49.124.107,Philippines
309,Nettle,Shewan,nshewan8k@google.fr,Female,104.125.204.16,Turkmenistan
310,Pascal,Black,pblack8l@reddit.com,Male,234.100.20.7,Sweden
311,Marie,Burchfield,mburchfield8m@sogou.com,Female,103.147.170.127,Vietnam
312,Judith,Coping,jcoping8n@sun.com,Female,5.36.75.26,Brazil
313,Elroy,O'Ruane,eoruane8o@last.fm,Male,211.169.250.48,France
314,Dulcea,Coppenhall,dcoppenhall8p@webs.com,Female,66.249.92.124,Brazil
315,Allyce,Gut,agut8q@yellowbook.com,Female,181.248.199.54,Philippines
316,Ximenes,Assaf,xassaf8r@moonfruit.com,Male,218.141.236.241,Russia
317,Arthur,Feavyour,afeavyour8s@craigslist.org,Male,229.180.75.90,Philippines
318,Antonina,Gligoraci,agligoraci8t@abc.net.au,Female,34.123.78.169,China
319,Morey,Pollicatt,mpollicatt8u@disqus.com,Male,130.240.98.253,Greece
320,Cherey,Gillatt,cgillatt8v@cnn.com,Female,8.81.33.113,Colombia
321,Jamey,Asch,jasch8w@shareasale.com,Male,101.140.70.172,Mexico
322,Justine,Pischof,jpischof8x@nature.com,Female,22.143.15.121,Greece
323,Beauregard,Brigdale,bbrigdale8y@princeton.edu,Male,150.244.184.238,France
324,Arlee,Yurkin,ayurkin8z@google.es,Female,180.43.54.65,United States
325,Den,Cleall,dcleall90@amazon.com,Male,222.186.254.139,Peru
326,Cedric,Byforth,cbyforth91@salon.com,Male,61.45.243.246,Albania
327,Patrizia,Bathowe,pbathowe92@merriam-webster.com,Female,131.241.68.108,Turkmenistan
328,Veda,Raspison,vraspison93@redcross.org,Female,149.148.47.2,Indonesia
329,Roth,Charker,rcharker94@imdb.com,Male,210.6.187.93,Philippines
330,Ayn,Brahams,abrahams95@quantcast.com,Female,124.54.64.186,China
331,Dreddy,Gabe,dgabe96@godaddy.com,Female,64.251.244.21,Russia
332,Roosevelt,Corbould,rcorbould97@spotify.com,Male,185.31.191.60,Philippines
333,Culley,Alben,calben98@state.tx.us,Male,252.68.167.154,Czech Republic
334,Florri,Bryant,fbryant99@yellowpages.com,Female,81.245.252.116,Netherlands
335,Arielle,Douse,adouse9a@networksolutions.com,Female,179.197.222.107,China
336,Daron,McBoyle,dmcboyle9b@ft.com,Female,191.85.205.217,China
337,Valentino,McElwee,vmcelwee9c@typepad.com,Male,164.59.64.16,Indonesia
338,Sharl,Rassmann,srassmann9d@blogspot.com,Female,55.29.90.233,China
339,Alexis,Gopsall,agopsall9e@economist.com,Male,106.48.123.135,Brazil
340,Laurice,Foyster,lfoyster9f@unc.edu,Female,97.193.198.31,Benin
341,Eb,McNamara,emcnamara9g@nps.gov,Male,0.98.52.145,United States
342,Thaddus,Last,tlast9h@fastcompany.com,Male,227.240.154.178,Peru
343,Paten,Parradice,pparradice9i@nps.gov,Male,209.70.246.253,China
344,Tiphanie,Iffe,tiffe9j@devhub.com,Female,107.94.125.194,Ukraine
345,Lionello,Kuhn,lkuhn9k@foxnews.com,Male,140.164.217.128,Colombia
346,Bobbi,Petrovsky,bpetrovsky9l@si.edu,Female,141.245.76.79,Zambia
347,Willie,Muzzini,wmuzzini9m@hhs.gov,Female,219.51.227.132,Dominican Republic
348,Allyn,Hallybone,ahallybone9n@123-reg.co.uk,Male,14.38.236.52,Indonesia
349,Fifine,Goodenough,fgoodenough9o@lulu.com,Female,111.95.181.206,Uganda
350,Wanda,Laroux,wlaroux9p@macromedia.com,Female,15.202.49.169,Brazil
351,Nell,Bremley,nbremley9q@ihg.com,Female,185.68.73.107,Russia
352,Carly,Dingley,cdingley9r@cam.ac.uk,Male,17.86.6.23,China
353,Lou,Ruckledge,lruckledge9s@usda.gov,Female,222.172.11.208,Estonia
354,Joel,Spyer,jspyer9t@theglobeandmail.com,Male,11.255.31.230,Mexico
355,Angelita,Lamcken,alamcken9u@rakuten.co.jp,Female,79.184.39.127,Italy
356,Claudius,Dargavel,cdargavel9v@booking.com,Male,101.215.22.94,China
357,Christophorus,Beaglehole,cbeaglehole9w@ucoz.ru,Male,49.131.0.136,Poland
358,Joana,MacCurley,jmaccurley9x@ameblo.jp,Female,87.207.125.100,China
359,Chen,Hundall,chundall9y@bandcamp.com,Male,77.128.139.87,Nicaragua
360,Opal,Teers,oteers9z@nationalgeographic.com,Female,27.130.172.52,Iran
361,Lizzy,Grolmann,lgrolmanna0@prlog.org,Female,137.135.164.240,China
362,Tabbi,Gregan,tgregana1@biglobe.ne.jp,Female,149.72.3.179,Russia
363,Amalita,Fucher,afuchera2@nyu.edu,Female,83.39.61.171,Czech Republic
364,Catherina,Denisovo,cdenisovoa3@hatena.ne.jp,Female,86.58.161.74,Philippines
365,Jocelyn,Imlin,jimlina4@ow.ly,Female,15.19.237.20,China
366,Estel,Sprowles,esprowlesa5@fotki.com,Female,33.219.227.127,Sweden
367,Becka,Smullin,bsmullina6@nydailynews.com,Female,229.111.100.151,Brazil
368,Bart,Warcup,bwarcupa7@csmonitor.com,Male,44.120.56.101,Philippines
369,Eustace,Ipwell,eipwella8@columbia.edu,Male,180.35.73.239,China
370,Ara,Killough,akillougha9@instagram.com,Female,53.83.215.240,Bosnia and Herzegovina
371,Farleigh,Chaddock,fchaddockaa@unicef.org,Male,250.189.202.143,Syria
372,Mia,Tate,mtateab@people.com.cn,Female,240.113.41.253,Portugal
373,Theobald,Bethel,tbethelac@biblegateway.com,Male,137.232.60.248,China
374,Humfrid,Jertz,hjertzad@salon.com,Male,199.83.144.223,Guatemala
375,Sophronia,Kearey,skeareyae@irs.gov,Female,112.251.68.206,Russia
376,Emanuel,Gothliff,egothliffaf@hp.com,Male,227.34.91.53,China
377,Dorice,Cathee,dcatheeag@printfriendly.com,Female,37.42.121.186,Indonesia
378,Nels,Rappa,nrappaah@hubpages.com,Male,99.24.179.122,Ukraine
379,Corrinne,Tulloch,ctullochai@163.com,Female,159.210.246.235,Russia
380,Muffin,Huckster,mhucksteraj@army.mil,Female,112.191.43.16,Russia
381,Zsazsa,Marriott,zmarriottak@examiner.com,Female,251.222.88.187,South Korea
382,Papageno,Gethen,pgethenal@sun.com,Male,54.114.58.173,Portugal
383,Solomon,Axon,saxonam@tmall.com,Male,104.122.65.85,Philippines
384,Hughie,Concannon,hconcannonan@telegraph.co.uk,Male,194.181.134.235,Greece
385,Benton,Bloxholm,bbloxholmao@unicef.org,Male,208.164.73.82,China
386,Giffy,Mynett,gmynettap@yolasite.com,Male,190.49.72.26,China
387,Annissa,Meric,americaq@oakley.com,Female,6.82.119.137,Greece
388,Elwood,Denson,edensonar@blog.com,Male,179.230.208.75,Cameroon
389,Flory,Wonfar,fwonfaras@livejournal.com,Female,126.255.190.192,Bangladesh
390,Paola,Julyan,pjulyanat@bloomberg.com,Female,169.137.111.46,Venezuela
391,Karlens,Joburn,kjoburnau@joomla.org,Male,168.58.140.30,Indonesia
392,Rhianon,Arendsen,rarendsenav@flickr.com,Female,13.106.142.91,Azerbaijan
393,Laurie,Ixer,lixeraw@icq.com,Male,195.65.218.235,Ukraine
394,Irwinn,Jedraszczyk,ijedraszczykax@dell.com,Male,99.58.46.114,Russia
395,Lutero,Stienton,lstientonay@bloglines.com,Male,5.136.232.157,China
396,Manon,Kenford,mkenfordaz@hhs.gov,Female,105.82.46.14,France
397,Franky,Girodon,fgirodonb0@xrea.com,Female,85.83.82.18,Japan
398,Bili,McKimmey,bmckimmeyb1@surveymonkey.com,Female,236.77.178.149,Serbia
399,Nadya,Cahillane,ncahillaneb2@mysql.com,Female,21.161.203.41,Vietnam
400,Ethyl,Honacker,ehonackerb3@list-manage.com,Female,65.49.116.4,Indonesia
401,Niki,Dakers,ndakersb4@usa.gov,Male,70.240.37.150,Ukraine
402,Vivianne,Elintune,velintuneb5@diigo.com,Female,39.108.154.239,Poland
403,Alonso,Skeffington,askeffingtonb6@cargocollective.com,Male,226.57.20.220,Chile
404,Reade,Cobby,rcobbyb7@craigslist.org,Male,81.109.142.89,Philippines
405,Penelopa,Scupham,pscuphamb8@acquirethisname.com,Female,12.222.208.98,Pakistan
406,Ailbert,Kitteringham,akitteringhamb9@t-online.de,Male,158.146.211.208,South Africa
407,Gilbertina,Maytum,gmaytumba@mac.com,Female,156.29.211.192,Kenya
408,Sheppard,Biggans,sbiggansbb@yolasite.com,Male,0.141.251.129,Dominican Republic
409,Kate,Causon,kcausonbc@miitbeian.gov.cn,Female,171.128.55.120,Portugal
410,Langsdon,Shreenan,lshreenanbd@gravatar.com,Male,92.46.36.122,Sweden
411,Taryn,Beedham,tbeedhambe@jimdo.com,Female,42.190.145.3,Chile
412,Shurwood,Rickersy,srickersybf@google.fr,Male,45.252.231.4,Brazil
413,Abby,Gulliford,agullifordbg@discovery.com,Male,88.191.57.67,Russia
414,Dyann,Abbot,dabbotbh@amazon.com,Female,58.75.204.123,Thailand
415,Nicky,Dmisek,ndmisekbi@qq.com,Female,143.198.250.178,Belgium
416,Eustacia,Huc,ehucbj@google.com.br,Female,232.139.76.150,China
417,Ethelyn,McAvinchey,emcavincheybk@unesco.org,Female,138.193.138.219,Brazil
418,Marsh,Lynam,mlynambl@smh.com.au,Male,60.187.18.29,Guatemala
419,Bartholomeus,Edmands,bedmandsbm@bloomberg.com,Male,115.70.109.156,Kazakhstan
420,Morty,Ditchett,mditchettbn@bigcartel.com,Male,139.179.9.143,Argentina
421,Roxi,Wem,rwembo@ibm.com,Female,211.24.134.135,Kenya
422,Merle,Keast,mkeastbp@lulu.com,Female,227.90.201.117,Brazil
423,Lion,Broose,lbroosebq@sun.com,Male,189.233.208.128,Malaysia
424,Maryann,Bence,mbencebr@desdev.cn,Female,58.202.242.223,China
425,Cristiano,Cohn,ccohnbs@tinyurl.com,Male,225.125.87.213,Haiti
426,Hilton,Coysh,hcoyshbt@amazonaws.com,Male,141.225.13.96,China
427,Gaile,Jencey,gjenceybu@usatoday.com,Male,39.229.39.143,Indonesia
428,Anson,Storkes,astorkesbv@si.edu,Male,48.156.129.254,Philippines
429,Liuka,McKilroe,lmckilroebw@fotki.com,Female,244.38.251.178,China
430,Montague,Coppen,mcoppenbx@cargocollective.com,Male,99.122.90.109,Indonesia
431,Ax,Beckerleg,abeckerlegby@mediafire.com,Male,152.90.110.193,Poland
432,Ronald,Ferminger,rfermingerbz@imdb.com,Male,186.42.234.48,Portugal
433,Tiertza,Lafflina,tlafflinac0@moonfruit.com,Female,133.181.91.17,Mongolia
434,Betteanne,Hanwell,bhanwellc1@slideshare.net,Female,45.152.201.118,China
435,Curran,Niave,cniavec2@bbc.co.uk,Male,109.1.121.171,China
436,Meagan,Checo,mchecoc3@ebay.co.uk,Female,68.150.157.207,China
437,Ambur,Perks,aperksc4@cmu.edu,Female,185.69.170.3,China
438,Tom,Kennifick,tkennifickc5@elpais.com,Male,198.209.217.222,Greece
439,Marc,Chessum,mchessumc6@mozilla.org,Male,172.6.88.43,China
440,Amos,Pimlett,apimlettc7@hatena.ne.jp,Male,176.104.94.133,Canada
441,Margie,O'Teague,moteaguec8@ning.com,Female,134.9.204.127,Venezuela
442,Aubrey,Tombleson,atomblesonc9@chicagotribune.com,Male,166.226.188.219,Vietnam
443,Stern,Hurst,shurstca@gov.uk,Male,182.144.132.169,Russia
444,Lance,Dowdall,ldowdallcb@boston.com,Male,1.247.75.222,China
445,Ivory,Skentelbery,iskentelberycc@rakuten.co.jp,Female,121.65.218.49,Chad
446,Ham,Imbrey,himbreycd@bloglines.com,Male,134.177.174.240,Peru
447,Tamqrah,Stepto,tsteptoce@mtv.com,Female,121.247.60.28,Indonesia
448,Rheba,Mugridge,rmugridgecf@apple.com,Female,0.161.219.16,Ethiopia
449,Aldric,Kitcatt,akitcattcg@deliciousdays.com,Male,203.222.242.37,Indonesia
450,Ingamar,Boullin,iboullinch@sciencedirect.com,Male,153.109.77.156,South Korea
451,Tanny,Whistan,twhistanci@jugem.jp,Male,50.31.91.134,Indonesia
452,Zebedee,Balk,zbalkcj@edublogs.org,Male,252.240.121.40,Indonesia
453,Jodi,Soppett,jsoppettck@google.com,Female,176.253.235.150,Indonesia
454,Doro,Ruckhard,druckhardcl@nationalgeographic.com,Female,184.100.65.215,Philippines
455,Tabina,Chern,tcherncm@nytimes.com,Female,134.142.214.194,France
456,Vito,Glazebrook,vglazebrookcn@mlb.com,Male,255.173.176.196,Indonesia
457,Nevsa,Lanktree,nlanktreeco@engadget.com,Female,29.49.101.14,Indonesia
458,Dulsea,Beiderbecke,dbeiderbeckecp@latimes.com,Female,111.3.137.151,Brazil
459,Winnie,Gladdish,wgladdishcq@nasa.gov,Female,36.129.254.187,China
460,Isidoro,MacCurley,imaccurleycr@1688.com,Male,25.163.43.121,Cameroon
461,Lisette,Gethouse,lgethousecs@reuters.com,Female,38.42.19.122,Thailand
462,Alejoa,Oak,aoakct@dailymail.co.uk,Male,47.160.15.42,China
463,Lorens,Thyer,lthyercu@engadget.com,Male,65.243.32.57,Tunisia
464,Angel,Fevers,afeverscv@cloudflare.com,Male,113.24.187.101,China
465,Lanni,Keenlayside,lkeenlaysidecw@cargocollective.com,Female,248.119.97.162,Japan
466,Faustina,Bumford,fbumfordcx@topsy.com,Female,122.114.193.98,Colombia
467,Marleen,Alecock,malecockcy@deliciousdays.com,Female,213.99.195.202,Montenegro
468,Claudette,Wernher,cwernhercz@xrea.com,Female,224.216.252.24,Indonesia
469,Merrili,Fallowfield,mfallowfieldd0@apache.org,Female,148.129.234.128,Russia
470,Christie,Marzello,cmarzellod1@noaa.gov,Female,26.246.147.245,Slovenia
471,Kati,Tenniswood,ktenniswoodd2@mapquest.com,Female,46.72.79.115,Sri Lanka
472,Kara,Wakeman,kwakemand3@blogs.com,Female,56.252.166.147,Indonesia
473,Ashleigh,Killough,akilloughd4@instagram.com,Female,43.121.11.138,Indonesia
474,Matilde,Chitham,mchithamd5@newsvine.com,Female,200.177.193.154,Philippines
475,Katheryn,Filipov,kfilipovd6@cdbaby.com,Female,166.122.122.213,China
476,Samson,Gokes,sgokesd7@mysql.com,Male,203.156.23.59,Russia
477,Ramsay,Aloway,ralowayd8@loc.gov,Male,6.70.184.202,Poland
478,Angelika,Lumly,alumlyd9@wisc.edu,Female,186.231.245.172,China
479,Sorcha,Stithe,sstitheda@trellian.com,Female,103.138.124.3,Vietnam
480,Marcelline,Pilmore,mpilmoredb@mail.ru,Female,109.52.207.173,Indonesia
481,Toby,Cranke,tcrankedc@buzzfeed.com,Female,170.182.224.74,Poland
482,Cissiee,MacNamee,cmacnameedd@behance.net,Female,100.109.176.94,Pakistan
483,Bendick,Cordobes,bcordobesde@imgur.com,Male,213.181.224.33,China
484,Angel,Claricoats,aclaricoatsdf@constantcontact.com,Male,125.130.75.141,Kazakhstan
485,Carce,Lindwall,clindwalldg@comsenz.com,Male,0.42.58.59,Argentina
486,Jill,Bridywater,jbridywaterdh@blogspot.com,Female,169.78.250.113,China
487,Fifine,Wilshire,fwilshiredi@go.com,Female,14.103.199.236,Russia
488,Graeme,Tinghill,gtinghilldj@si.edu,Male,91.115.105.111,China
489,Frannie,Salmon,fsalmondk@indiegogo.com,Male,208.143.83.61,Malaysia
490,Donnie,Bailiss,dbailissdl@unblog.fr,Female,86.31.177.80,Philippines
491,Taylor,McNelly,tmcnellydm@chronoengine.com,Male,73.133.67.89,China
492,Zuzana,Radbone,zradbonedn@dmoz.org,Female,45.24.19.48,Sweden
493,Elmo,Standrin,estandrindo@ft.com,Male,78.164.200.79,Brazil
494,Seamus,Wentworth,swentworthdp@wp.com,Male,95.215.166.238,Thailand
495,Tilda,Parman,tparmandq@newsvine.com,Female,228.235.175.170,Czech Republic
496,Jaime,Rennicks,jrennicksdr@noaa.gov,Male,74.120.20.71,Norway
497,Robinet,Vyse,rvyseds@washingtonpost.com,Female,71.224.250.242,Croatia
498,Werner,Barnewall,wbarnewalldt@t.co,Male,171.77.218.90,Poland
499,Mikael,Seman,msemandu@themeforest.net,Male,94.166.255.137,Costa Rica
500,Stinky,Haggeth,shaggethdv@unicef.org,Male,120.236.227.140,Marshall Islands
501,Art,Bains,abainsdw@csmonitor.com,Male,170.93.185.110,Afghanistan
502,Harry,Twist,htwistdx@usatoday.com,Male,138.201.32.129,Liberia
503,Kelley,Juschka,kjuschkady@slashdot.org,Male,209.125.20.122,Portugal
504,Arthur,Dunridge,adunridgedz@ow.ly,Male,33.37.240.99,South Korea
505,Chastity,Weekland,cweeklande0@php.net,Female,209.156.165.172,Mexico
506,Mellicent,Grimsdell,mgrimsdelle1@sciencedirect.com,Female,120.81.20.141,France
507,Quent,Boston,qbostone2@amazonaws.com,Male,216.198.12.7,China
508,Shalom,Matschek,smatscheke3@spiegel.de,Male,67.192.236.238,Indonesia
509,Sinclair,Mellodey,smellodeye4@seattletimes.com,Male,32.23.94.172,Costa Rica
510,Melamie,Crouch,mcrouche5@bigcartel.com,Female,76.255.4.175,Venezuela
511,Lilian,McAline,lmcalinee6@barnesandnoble.com,Female,218.139.255.37,Portugal
512,Britni,McCalister,bmccalistere7@zdnet.com,Female,178.156.7.196,Peru
513,Tirrell,Philo,tphiloe8@hhs.gov,Male,228.34.210.175,China
514,Odella,Ashworth,oashworthe9@weibo.com,Female,227.119.148.53,Argentina
515,Gerianna,Baildon,gbaildonea@answers.com,Female,237.104.53.41,Czech Republic
516,Remington,Allsworth,rallswortheb@nydailynews.com,Male,129.87.107.110,Albania
517,Mychal,Codrington,mcodringtonec@latimes.com,Male,50.206.180.54,Russia
518,Verine,Tampen,vtampened@biglobe.ne.jp,Female,226.192.218.24,Brazil
519,Heriberto,Ottewell,hottewellee@biblegateway.com,Male,211.91.4.175,Brazil
520,Rana,Tichner,rtichneref@gnu.org,Female,111.99.5.123,Russia
521,Xenia,Sutherns,xsuthernseg@miibeian.gov.cn,Female,28.208.76.130,Argentina
522,Ibrahim,Dalston,idalstoneh@virginia.edu,Male,252.94.4.109,Czech Republic
523,Hew,Shoreson,hshoresonei@shop-pro.jp,Male,55.62.127.78,Indonesia
524,Waylen,O'Donohue,wodonohueej@ucoz.com,Male,35.108.41.11,Poland
525,Sydney,Scudder,sscudderek@seesaa.net,Male,151.11.204.1,China
526,Andris,Lowe,aloweel@nasa.gov,Male,37.8.65.115,Philippines
527,Kitti,Tabb,ktabbem@walmart.com,Female,82.189.6.22,Lithuania
528,Anet,Grebert,agreberten@fastcompany.com,Female,53.125.153.77,Senegal
529,Fayina,Mapstone,fmapstoneeo@sfgate.com,Female,83.10.27.177,Indonesia
530,Mikey,Kisting,mkistingep@techcrunch.com,Male,39.199.59.191,China
531,Kleon,Hillyatt,khillyatteq@1und1.de,Male,237.179.221.15,Honduras
532,Nikolos,Barabisch,nbarabischer@g.co,Male,193.239.164.87,Poland
533,Fair,Lourenco,flourencoes@utexas.edu,Male,197.21.94.50,Russia
534,Timoteo,Eccott,teccottet@sourceforge.net,Male,73.228.7.47,Thailand
535,Sandy,Pardi,spardieu@oakley.com,Male,10.191.125.156,Czech Republic
536,Ivonne,Belfit,ibelfitev@google.fr,Female,134.46.204.239,Greece
537,Angelico,Robertet,arobertetew@github.io,Male,53.87.45.140,Rwanda
538,Teodorico,Mowen,tmowenex@smh.com.au,Male,0.53.141.197,China
539,Julietta,Tregoning,jtregoningey@stanford.edu,Female,227.184.38.37,China
540,Shayne,Belverstone,sbelverstoneez@reference.com,Male,154.196.228.18,Indonesia
541,Nicholle,Zanolli,nzanollif0@jalbum.net,Female,42.111.138.139,United Kingdom
542,Allen,Gilling,agillingf1@tripod.com,Male,62.210.123.129,Poland
543,Sydney,Ubach,subachf2@netscape.com,Male,162.61.41.7,Canada
544,Lalo,Ouslem,louslemf3@canalblog.com,Male,107.113.160.217,Japan
545,Guillema,Chittim,gchittimf4@typepad.com,Female,239.134.72.78,Portugal
546,Ingrid,Limeburner,ilimeburnerf5@epa.gov,Female,184.188.55.140,Greece
547,Penny,Crielly,pcriellyf6@homestead.com,Male,143.137.229.29,Indonesia
548,Celestina,Knoble,cknoblef7@pen.io,Female,46.49.249.162,Philippines
549,Dewey,Parres,dparresf8@discuz.net,Male,10.94.99.207,Yemen
550,Yalonda,Crosswaite,ycrosswaitef9@uiuc.edu,Female,71.105.252.107,China
551,Hyatt,Lambkin,hlambkinfa@wikipedia.org,Male,106.164.10.94,Thailand
552,Mercy,McNiff,mmcnifffb@wikia.com,Female,225.28.161.58,Czech Republic
553,Jeri,Berka,jberkafc@mtv.com,Female,221.184.47.115,Dominican Republic
554,Web,Tilburn,wtilburnfd@usatoday.com,Male,100.113.27.24,Croatia
555,Adrianne,O'Dowd,aodowdfe@cpanel.net,Female,50.99.15.241,Bosnia and Herzegovina
556,Gaspar,Tichelaar,gtichelaarff@msn.com,Male,218.81.220.77,Vietnam
557,Rona,Whyard,rwhyardfg@printfriendly.com,Female,28.165.248.75,Indonesia
558,Gerrard,Cockling,gcocklingfh@odnoklassniki.ru,Male,192.53.253.103,China
559,Fanny,Kuhle,fkuhlefi@meetup.com,Female,254.3.21.248,Russia
560,Oby,Gever,ogeverfj@ycombinator.com,Male,181.225.120.90,Philippines
561,Quintilla,Laurance,qlaurancefk@boston.com,Female,46.236.178.120,Peru
562,Tiphani,Peers,tpeersfl@skype.com,Female,1.151.224.56,Poland
563,Bart,Inderwick,binderwickfm@google.com.hk,Male,213.148.202.97,New Zealand
564,Ranice,Eichmann,reichmannfn@icq.com,Female,231.226.58.92,Brazil
565,Lyndy,Jakuszewski,ljakuszewskifo@sina.com.cn,Female,87.209.193.219,Argentina
566,Nilson,Ausello,nausellofp@washingtonpost.com,Male,51.8.128.161,Sweden
567,Edouard,Laterza,elaterzafq@bravesites.com,Male,103.38.166.110,United States
568,Rustie,Gwyer,rgwyerfr@sciencedaily.com,Male,155.155.146.59,South Korea
569,Lowe,Masding,lmasdingfs@ifeng.com,Male,43.116.18.55,China
570,Jaynell,Postance,jpostanceft@addtoany.com,Female,80.123.147.190,France
571,Iago,Kuschek,ikuschekfu@samsung.com,Male,32.118.155.131,China
572,Hamnet,Lumpkin,hlumpkinfv@hatena.ne.jp,Male,178.79.92.195,Azerbaijan
573,Anastasia,Sallows,asallowsfw@live.com,Female,175.191.65.177,Brazil
574,Sutherland,Hoffmann,shoffmannfx@imageshack.us,Male,44.200.23.139,China
575,Nelie,Coton,ncotonfy@goo.gl,Female,2.156.153.174,Canada
576,Patsy,Halladey,phalladeyfz@nydailynews.com,Female,37.174.10.36,China
577,Aprilette,McGaughey,amcgaugheyg0@microsoft.com,Female,116.200.185.213,Russia
578,Tyler,Paolinelli,tpaolinellig1@eepurl.com,Male,202.41.145.237,Mexico
579,Alasdair,Fivey,afiveyg2@usda.gov,Male,199.234.151.223,Poland
580,Felicdad,Cadell,fcadellg3@biblegateway.com,Female,55.73.242.175,China
581,Adiana,Hayers,ahayersg4@auda.org.au,Female,179.108.249.196,Russia
582,Dietrich,Porker,dporkerg5@si.edu,Male,26.69.249.46,China
583,Gail,Drinkhill,gdrinkhillg6@nba.com,Male,226.181.39.73,Russia
584,Cherish,Leyrroyd,cleyrroydg7@tinyurl.com,Female,100.161.162.121,Bosnia and Herzegovina
585,Danielle,Moens,dmoensg8@europa.eu,Female,37.25.253.155,Egypt
586,Julieta,De Marchi,jdemarchig9@woothemes.com,Female,5.13.78.153,Comoros
587,Joanne,Bulfoot,jbulfootga@latimes.com,Female,129.49.77.34,Philippines
588,Eberto,MacCall,emaccallgb@topsy.com,Male,96.203.190.86,Jamaica
589,Tremain,Infante,tinfantegc@deliciousdays.com,Male,81.96.220.106,Poland
590,Meta,Georgins,mgeorginsgd@biglobe.ne.jp,Female,26.34.158.80,Peru
591,Coleen,Giddons,cgiddonsge@stumbleupon.com,Female,195.233.173.163,Sweden
592,Loise,Parvin,lparvingf@ca.gov,Female,153.138.134.22,Pakistan
593,Ase,Grimble,agrimblegg@dot.gov,Male,250.178.99.125,Poland
594,Madlin,Issard,missardgh@va.gov,Female,244.26.130.7,Sweden
595,Minna,Ockendon,mockendongi@opensource.org,Female,67.215.111.28,Libya
596,Eal,Drayton,edraytongj@myspace.com,Male,26.221.109.245,China
597,Berty,Giametti,bgiamettigk@ox.ac.uk,Male,41.60.102.90,Sweden
598,Cassandry,Duny,cdunygl@youtube.com,Female,38.143.208.15,Sweden
599,Lucie,Whimp,lwhimpgm@loc.gov,Female,247.35.216.92,China
600,Evaleen,Babington,ebabingtongn@dropbox.com,Female,251.6.44.219,Greece
601,Kerri,Leopard,kleopardgo@seattletimes.com,Female,238.193.226.122,China
602,Tammy,Dewhurst,tdewhurstgp@list-manage.com,Female,222.103.234.103,Brazil
603,Kaiser,Seath,kseathgq@chicagotribune.com,Male,194.68.77.2,Sweden
604,Emlynn,Skryne,eskrynegr@miibeian.gov.cn,Female,204.134.57.165,Brazil
605,Maximilian,Warrington,mwarringtongs@merriam-webster.com,Male,254.120.212.101,Russia
606,Cynthia,Bradbeer,cbradbeergt@timesonline.co.uk,Female,104.177.110.195,China
607,Eldridge,Beneteau,ebeneteaugu@pbs.org,Male,225.169.209.36,China
608,Delphinia,Diggons,ddiggonsgv@sun.com,Female,17.163.23.152,Russia
609,Rupert,Dale,rdalegw@elegantthemes.com,Male,104.173.12.132,Serbia
610,Othella,Poskitt,oposkittgx@nbcnews.com,Female,136.93.66.18,Russia
611,Israel,Kelemen,ikelemengy@friendfeed.com,Male,215.113.168.211,Greece
612,Valry,Downe,vdownegz@va.gov,Female,246.238.224.252,Honduras
613,Sib,Blaw,sblawh0@instagram.com,Female,99.173.55.231,France
614,Eleonora,Houtbie,ehoutbieh1@studiopress.com,Female,165.148.134.205,Argentina
615,Dolf,Robart,drobarth2@mozilla.org,Male,238.96.202.183,Russia
616,Hallie,Cowely,hcowelyh3@google.fr,Female,28.116.46.238,Czech Republic
617,Yorgos,Tamsett,ytamsetth4@ifeng.com,Male,60.109.203.16,China
618,Alisander,Digwood,adigwoodh5@ebay.co.uk,Male,212.90.92.6,China
619,Brant,Derl,bderlh6@apple.com,Male,101.133.165.73,Poland
620,Pauly,Dilland,pdillandh7@wix.com,Female,40.3.91.64,Philippines
621,Robbie,Ommanney,rommanneyh8@army.mil,Male,220.56.18.17,Czech Republic
622,Wenda,Rizzolo,wrizzoloh9@webnode.com,Female,23.8.23.10,Netherlands
623,Morley,Tandey,mtandeyha@nih.gov,Male,172.64.72.225,Portugal
624,Wendell,Roll,wrollhb@ox.ac.uk,Male,240.148.26.102,Czech Republic
625,Davy,MacGaughey,dmacgaugheyhc@scribd.com,Male,137.60.231.171,Indonesia
626,Tabatha,Gazzard,tgazzardhd@nbcnews.com,Female,77.160.228.223,Philippines
627,Any,MacLleese,amaclleesehe@nhs.uk,Male,85.249.215.141,Palestinian Territory
628,Antonia,Boost,aboosthf@tinypic.com,Female,40.210.38.196,Indonesia
629,Boniface,Lademann,blademannhg@people.com.cn,Male,236.119.161.208,Brazil
630,Hermione,Tebbutt,htebbutthh@thetimes.co.uk,Female,187.221.252.187,China
631,Leonerd,Dealtry,ldealtryhi@youku.com,Male,138.134.194.46,Czech Republic
632,Cleveland,Morrid,cmorridhj@infoseek.co.jp,Male,85.225.45.76,China
633,Claudia,Myrick,cmyrickhk@un.org,Female,174.162.240.136,Brazil
634,Carmine,Ringer,cringerhl@ucsd.edu,Female,46.124.64.187,Indonesia
635,Calvin,Chaperling,cchaperlinghm@blogtalkradio.com,Male,48.52.149.95,Cuba
636,Karrah,Haydn,khaydnhn@live.com,Female,31.177.198.253,Netherlands
637,Brina,Cammell,bcammellho@vistaprint.com,Female,115.200.23.146,Poland
638,Aaron,Byrkmyr,abyrkmyrhp@slashdot.org,Male,193.205.254.33,Poland
639,Durante,Knapp,dknapphq@storify.com,Male,168.132.26.202,United States
640,Janine,McElrea,jmcelreahr@dedecms.com,Female,243.96.126.158,France
641,Timothy,Southers,tsouthershs@toplist.cz,Male,18.31.240.104,China
642,Anett,Renbold,arenboldht@cdbaby.com,Female,51.61.159.170,Bulgaria
643,Electra,Switzer,eswitzerhu@networkadvertising.org,Female,108.36.94.147,China
644,Stanley,Mereweather,smereweatherhv@cornell.edu,Male,139.175.123.228,United States
645,Heinrik,Cornelleau,hcornelleauhw@cyberchimps.com,Male,196.104.214.187,Cameroon
646,Bartholemy,Rembrandt,brembrandthx@nymag.com,Male,177.193.220.196,United States
647,Sally,Baughen,sbaughenhy@cnn.com,Female,129.164.183.213,Sweden
648,Cristionna,Fahey,cfaheyhz@deviantart.com,Female,183.193.19.149,China
649,Pammi,Dransfield,pdransfieldi0@odnoklassniki.ru,Female,76.233.127.185,Thailand
650,Letty,March,lmarchi1@patch.com,Female,187.168.73.72,Philippines
651,Gaby,Dumsday,gdumsdayi2@123-reg.co.uk,Female,214.59.86.78,Philippines
652,Nerta,Sorro,nsorroi3@privacy.gov.au,Female,227.152.69.195,Yemen
653,Katina,Artist,kartisti4@columbia.edu,Female,209.100.36.253,Russia
654,Janessa,Vaughan,jvaughani5@bizjournals.com,Female,195.187.52.255,Russia
655,Sheffield,Gudgin,sgudgini6@altervista.org,Male,57.196.210.167,Russia
656,Korella,Pickworth,kpickworthi7@xinhuanet.com,Female,205.217.242.89,China
657,Stephi,Vials,svialsi8@ucoz.ru,Female,4.210.70.208,Mongolia
658,Lind,Boughen,lbougheni9@github.com,Male,145.114.175.124,Germany
659,Allegra,Patrick,apatrickia@networksolutions.com,Female,6.186.248.132,Portugal
660,Diena,Saladino,dsaladinoib@shinystat.com,Female,222.159.51.142,Finland
661,Jacky,Regorz,jregorzic@youtube.com,Male,51.140.111.39,Russia
662,Morly,Castelyn,mcastelynid@xrea.com,Male,104.7.155.117,Russia
663,Emilio,Grisewood,egrisewoodie@answers.com,Male,237.73.145.12,Mauritius
664,Lynda,Coltherd,lcoltherdif@dion.ne.jp,Female,172.209.122.194,Indonesia
665,Martin,Lillistone,mlillistoneig@wiley.com,Male,29.225.14.156,Mongolia
666,Ethan,Treweek,etreweekih@geocities.com,Male,92.63.215.18,Finland
667,Taddeusz,Milland,tmillandii@qq.com,Male,15.32.189.134,Comoros
668,Lisle,Cheyney,lcheyneyij@weebly.com,Male,122.187.72.253,France
669,Brose,Dootson,bdootsonik@tripadvisor.com,Male,137.219.225.95,China
670,Berk,Rowcastle,browcastleil@yolasite.com,Male,145.12.44.241,Syria
671,Hollyanne,Broske,hbroskeim@histats.com,Female,33.81.3.208,Portugal
672,Shoshana,Vickar,svickarin@microsoft.com,Female,110.225.72.249,Nicaragua
673,Deirdre,O'Duane,doduaneio@drupal.org,Female,177.104.247.229,Philippines
674,Alika,Foskew,afoskewip@aboutads.info,Female,101.151.207.188,Indonesia
675,Adi,Shakle,ashakleiq@omniture.com,Female,103.245.106.253,China
676,Celestia,Round,croundir@usa.gov,Female,106.150.145.90,China
677,Sheila-kathryn,Osler,sosleris@geocities.jp,Female,225.48.216.128,United Arab Emirates
678,Traver,Lumbley,tlumbleyit@uol.com.br,Male,214.22.231.206,Colombia
679,Sibyl,Tilt,stiltiu@oracle.com,Male,106.231.189.18,Russia
680,Geoffrey,Casse,gcasseiv@epa.gov,Male,188.67.236.160,China
681,Tristan,McGarrity,tmcgarrityiw@deliciousdays.com,Male,13.157.8.94,Russia
682,Homerus,Yearnsley,hyearnsleyix@seesaa.net,Male,16.80.81.84,Mongolia
683,Siward,Kenewell,skenewelliy@usatoday.com,Male,252.66.150.221,Poland
684,Kasey,Ballin,kballiniz@mit.edu,Female,207.108.247.86,Czech Republic
685,Maddie,MacCartair,mmaccartairj0@friendfeed.com,Male,225.222.219.153,Indonesia
686,Charin,Dobing,cdobingj1@blinklist.com,Female,174.148.169.7,Sweden
687,Mela,Pinare,mpinarej2@tamu.edu,Female,1.147.142.226,China
688,Nathanil,Burger,nburgerj3@mit.edu,Male,133.90.223.57,Brazil
689,Dottie,Kilsby,dkilsbyj4@blog.com,Female,125.157.85.14,Philippines
690,Sonny,Heinsen,sheinsenj5@infoseek.co.jp,Male,230.207.251.191,Afghanistan
691,Carlee,Dyne,cdynej6@cyberchimps.com,Female,236.209.132.40,China
692,Beth,Heaps,bheapsj7@sbwire.com,Female,55.238.73.3,Colombia
693,Keir,Durdan,kdurdanj8@devhub.com,Male,14.156.26.200,Armenia
694,Sandy,Thaw,sthawj9@cloudflare.com,Male,46.41.229.23,Philippines
695,Elfrida,Handman,ehandmanja@google.ru,Female,158.231.167.52,Pakistan
696,Gilberte,Joseland,gjoselandjb@theguardian.com,Female,190.132.151.102,China
697,Suellen,Carn,scarnjc@xrea.com,Female,134.232.116.144,Brazil
698,Curtis,Mayne,cmaynejd@howstuffworks.com,Male,87.241.232.32,China
699,Diena,Causier,dcausierje@com.com,Female,27.125.246.176,Russia
700,Ly,Fairbridge,lfairbridgejf@go.com,Male,211.132.73.6,Colombia
701,Tadio,Ballaam,tballaamjg@upenn.edu,Male,200.111.90.235,Finland
702,Chrissie,Trahair,ctrahairjh@va.gov,Female,89.43.168.71,Norway
703,Janeen,Bourhill,jbourhillji@thetimes.co.uk,Female,186.76.237.181,France
704,Trenna,Gunton,tguntonjj@wp.com,Female,80.225.160.229,Poland
705,Carr,McCanny,cmccannyjk@blog.com,Male,134.201.158.160,Philippines
706,Gratiana,Walcot,gwalcotjl@yelp.com,Female,249.193.42.108,China
707,Marsha,Beckson,mbecksonjm@tinypic.com,Female,74.110.151.89,Indonesia
708,Clifford,O'Hallihane,cohallihanejn@washingtonpost.com,Male,237.149.205.39,China
709,Gracie,Batt,gbattjo@altervista.org,Female,57.217.193.207,Czech Republic
710,Filippo,Fillimore,ffillimorejp@cbc.ca,Male,143.80.188.32,Indonesia
711,Chiarra,Rennels,crennelsjq@nhs.uk,Female,12.7.16.16,Indonesia
712,Tresa,Scholfield,tscholfieldjr@canalblog.com,Female,79.9.210.23,Russia
713,Lyndsey,Adne,ladnejs@multiply.com,Female,85.241.76.3,United Kingdom
714,Cal,Turneaux,cturneauxjt@icio.us,Female,235.72.182.171,Russia
715,April,Boumphrey,aboumphreyju@typepad.com,Female,81.164.44.6,Philippines
716,Jocelyne,Konzelmann,jkonzelmannjv@usnews.com,Female,124.34.32.1,Russia
717,Garold,Timbrell,gtimbrelljw@arstechnica.com,Male,242.89.234.167,China
718,Lazaro,Neenan,lneenanjx@blogspot.com,Male,44.94.126.109,Pakistan
719,Abbie,Candelin,acandelinjy@mtv.com,Male,6.83.252.85,Argentina
720,Johnathan,Coppledike,jcoppledikejz@gizmodo.com,Male,200.165.173.69,Philippines
721,Findlay,Romayn,fromaynk0@icq.com,Male,196.16.136.43,Vietnam
722,Daren,Kisting,dkistingk1@smugmug.com,Male,38.37.173.85,Brazil
723,Melva,Guiness,mguinessk2@imdb.com,Female,19.182.120.81,Indonesia
724,Granthem,Gauld,ggauldk3@acquirethisname.com,Male,230.27.73.124,Jamaica
725,Starlene,Barratt,sbarrattk4@mysql.com,Female,19.119.159.222,Indonesia
726,Tedd,Deguara,tdeguarak5@ucla.edu,Male,168.198.214.224,Thailand
727,Gabi,Codlin,gcodlink6@sourceforge.net,Male,209.36.94.149,Cuba
728,Ezechiel,Baulch,ebaulchk7@xing.com,Male,162.196.235.143,Thailand
729,Tammie,Akers,takersk8@vistaprint.com,Female,113.156.127.12,France
730,Klarika,Willows,kwillowsk9@smh.com.au,Female,200.55.99.29,Burkina Faso
731,Rooney,Picot,rpicotka@va.gov,Male,50.183.57.211,United States
732,Aigneis,Phayre,aphayrekb@hp.com,Female,69.71.18.81,Russia
733,Drugi,Colclough,dcolcloughkc@lycos.com,Male,232.231.207.153,China
734,Travis,Streat,tstreatkd@wikispaces.com,Male,230.19.37.239,Russia
735,Maxim,Stother,mstotherke@barnesandnoble.com,Male,181.120.50.239,Croatia
736,Kiele,Dowzell,kdowzellkf@stumbleupon.com,Female,24.228.193.18,Indonesia
737,Gardy,Delaney,gdelaneykg@sitemeter.com,Male,86.83.189.83,Guatemala
738,Porty,Rihanek,prihanekkh@msu.edu,Male,245.231.176.126,Kazakhstan
739,Liuka,Orridge,lorridgeki@prweb.com,Female,59.77.242.143,China
740,Sosanna,Metherell,smetherellkj@opera.com,Female,198.231.61.125,Uruguay
741,Sammie,Haversum,shaversumkk@businessinsider.com,Male,220.39.19.238,Indonesia
742,Bronson,Bison,bbisonkl@over-blog.com,Male,241.100.189.187,China
743,Abagail,Cordery,acorderykm@example.com,Female,121.106.180.239,Argentina
744,Erna,Mariyushkin,emariyushkinkn@illinois.edu,Female,229.101.240.239,Philippines
745,Janene,Mildner,jmildnerko@tuttocitta.it,Female,81.82.208.196,Uzbekistan
746,Clarinda,Starbeck,cstarbeckkp@amazon.com,Female,176.244.87.249,Indonesia
747,Elane,Dimitriades,edimitriadeskq@surveymonkey.com,Female,248.107.36.36,Russia
748,Sigmund,Payfoot,spayfootkr@github.io,Male,122.36.255.17,Vietnam
749,Borg,Roger,brogerks@jimdo.com,Male,163.134.137.38,Brazil
750,Wenda,Lansberry,wlansberrykt@java.com,Female,51.94.172.161,China
751,Melissa,Eastbrook,meastbrookku@privacy.gov.au,Female,71.174.7.27,Russia
752,Aleksandr,Gentery,agenterykv@businessweek.com,Male,19.241.46.207,Poland
753,Marian,Newlove,mnewlovekw@stanford.edu,Female,91.59.11.123,Portugal
754,Jasun,Rake,jrakekx@census.gov,Male,14.31.66.208,Belarus
755,Adelina,Jasiak,ajasiakky@ow.ly,Female,232.25.217.149,Poland
756,Lanita,Vassall,lvassallkz@bandcamp.com,Female,92.127.233.46,Canada
757,Bernadene,Tovey,btoveyl0@tinypic.com,Female,156.149.172.224,Sweden
758,Montague,Crippell,mcrippelll1@go.com,Male,28.244.42.13,Indonesia
759,Paddy,Hammonds,phammondsl2@xinhuanet.com,Male,215.212.147.79,China
760,Renato,Cinderey,rcindereyl3@constantcontact.com,Male,202.78.134.113,Portugal
761,Sam,Fust,sfustl4@jigsy.com,Male,169.49.199.19,China
762,Kimberley,Behr,kbehrl5@weather.com,Female,221.212.193.115,Macedonia
763,Stacee,Ege,segel6@guardian.co.uk,Male,253.89.171.132,China
764,Raeann,Angerstein,rangersteinl7@com.com,Female,215.236.175.251,China
765,Val,Bynert,vbynertl8@nbcnews.com,Male,153.220.72.23,China
766,Tomaso,Barnett,tbarnettl9@illinois.edu,Male,38.253.44.51,Venezuela
767,Byrle,Yelding,byeldingla@wikipedia.org,Male,172.206.150.118,Canada
768,Lissy,Bauduin,lbauduinlb@macromedia.com,Female,53.7.13.71,Guatemala
769,Jeanna,Toombes,jtoombeslc@aboutads.info,Female,188.51.119.37,Portugal
770,Claudette,Spraberry,cspraberryld@nbcnews.com,Female,238.57.69.75,Philippines
771,Idaline,Andryushin,iandryushinle@topsy.com,Female,162.129.217.220,Russia
772,Oswald,Sodor,osodorlf@nhs.uk,Male,28.145.45.140,Brazil
773,Michell,Benduhn,mbenduhnlg@mysql.com,Female,71.242.244.44,Portugal
774,Alexina,Rhucroft,arhucroftlh@ezinearticles.com,Female,49.71.85.52,Portugal
775,Drusilla,Castano,dcastanoli@twitpic.com,Female,165.171.72.202,China
776,Shauna,Shellard,sshellardlj@4shared.com,Female,45.55.239.146,China
777,Skip,Pounder,spounderlk@ucoz.com,Male,198.254.18.67,Ukraine
778,Grant,Eliez,geliezll@hugedomains.com,Male,137.133.202.128,Afghanistan
779,Karolina,Purser,kpurserlm@51.la,Female,56.216.35.164,France
780,Frasco,Bagster,fbagsterln@nyu.edu,Male,246.212.147.61,Afghanistan
781,Stephan,Flageul,sflageullo@census.gov,Male,110.149.209.26,Poland
782,Yasmin,Upton,yuptonlp@mediafire.com,Female,133.209.179.41,Sweden
783,Kata,McEntegart,kmcentegartlq@canalblog.com,Female,137.53.15.8,Ukraine
784,Micheal,Stubbs,mstubbslr@foxnews.com,Male,187.64.199.124,Bolivia
785,Konstantin,Lowings,klowingsls@ovh.net,Male,170.103.220.105,Russia
786,Davida,Rootham,droothamlt@t-online.de,Female,249.223.226.30,Argentina
787,Paolo,Birwhistle,pbirwhistlelu@goo.gl,Male,59.194.236.127,China
788,Loralyn,Anyene,lanyenelv@archive.org,Female,142.79.45.40,France
789,Bradford,Tait,btaitlw@cyberchimps.com,Male,128.36.138.58,France
790,Fenelia,MacArthur,fmacarthurlx@csmonitor.com,Female,222.239.170.60,Philippines
791,Meghann,Robertot,mrobertotly@opensource.org,Female,238.200.108.25,Serbia
792,Skelly,Helstrom,shelstromlz@ifeng.com,Male,115.48.12.247,Ireland
793,Thebault,Wapplington,twapplingtonm0@cocolog-nifty.com,Male,30.235.207.180,United States
794,Arleyne,Geertz,ageertzm1@feedburner.com,Female,121.84.238.140,Guatemala
795,Leonard,Reddick,lreddickm2@booking.com,Male,195.131.202.8,Russia
796,Liana,Lavarack,llavarackm3@instagram.com,Female,3.246.28.247,Nepal
797,Etheline,Greatrex,egreatrexm4@prlog.org,Female,94.153.93.135,Japan
798,Ivory,Hyatt,ihyattm5@flickr.com,Female,26.108.84.31,Sweden
799,Griselda,Rubens,grubensm6@indiegogo.com,Female,103.219.49.170,Haiti
800,Page,Kearn,pkearnm7@biblegateway.com,Female,102.73.4.167,Peru
801,Wynn,Kellert,wkellertm8@harvard.edu,Male,193.110.55.91,Philippines
802,Skelly,Mullord,smullordm9@sphinn.com,Male,203.73.123.23,Kazakhstan
803,Ki,Grimm,kgrimmma@ucoz.com,Female,134.78.120.15,Indonesia
804,Melvin,Sheldon,msheldonmb@europa.eu,Male,85.100.203.203,Peru
805,Tammy,Mourant,tmourantmc@pbs.org,Male,151.105.227.47,France
806,Dagmar,Muggeridge,dmuggeridgemd@china.com.cn,Female,14.176.36.70,Indonesia
807,Amos,Stening,asteningme@kickstarter.com,Male,103.194.219.57,China
808,Hyatt,Barsby,hbarsbymf@google.com.au,Male,100.143.175.196,Syria
809,Mill,Oddey,moddeymg@mayoclinic.com,Male,106.31.183.81,Indonesia
810,Alfons,Redmond,aredmondmh@state.tx.us,Male,248.203.109.181,China
811,Wendall,Hazeldine,whazeldinemi@flickr.com,Male,40.131.90.66,China
812,Fidel,Caltun,fcaltunmj@si.edu,Male,185.211.2.0,China
813,Jarret,Gissing,jgissingmk@squarespace.com,Male,238.42.172.118,Thailand
814,Avictor,Stringer,astringerml@chron.com,Male,168.94.9.73,China
815,Kai,Leggett,kleggettmm@nymag.com,Female,111.6.101.228,China
816,Kain,Wincott,kwincottmn@google.co.uk,Male,217.228.102.88,Croatia
817,Zola,Brader,zbradermo@uol.com.br,Female,31.80.238.249,Jordan
818,Sybila,Mellanby,smellanbymp@yellowpages.com,Female,157.136.118.204,Indonesia
819,Dicky,Scarratt,dscarrattmq@ehow.com,Male,205.215.11.150,China
820,Zaneta,Leivesley,zleivesleymr@seesaa.net,Female,197.175.102.35,Haiti
821,Lacy,Krates,lkratesms@nydailynews.com,Female,187.10.93.129,Lebanon
822,Bancroft,Daville,bdavillemt@who.int,Male,150.56.202.132,Greece
823,Horatius,Donisthorpe,hdonisthorpemu@yandex.ru,Male,140.220.66.109,Indonesia
824,Amalie,McGaugan,amcgauganmv@disqus.com,Female,175.135.43.146,Ukraine
825,Wang,Taill,wtaillmw@twitter.com,Male,43.137.174.85,China
826,Kellia,Yarnold,kyarnoldmx@youtube.com,Female,242.227.49.18,China
827,Ainslee,Fleis,afleismy@blogspot.com,Female,108.56.3.175,Croatia
828,Tiphany,Hince,thincemz@jalbum.net,Female,226.218.253.179,China
829,Urson,Diviny,udivinyn0@nationalgeographic.com,Male,122.238.159.108,Germany
830,Sherman,Danaher,sdanahern1@woothemes.com,Male,212.51.183.190,Poland
831,Tami,Assiratti,tassirattin2@drupal.org,Female,92.247.42.132,Malta
832,Bobette,Frie,bfrien3@ask.com,Female,147.4.196.25,Brazil
833,Suzi,Heyball,sheyballn4@list-manage.com,Female,222.44.125.178,Ukraine
834,Griselda,Benitez,gbenitezn5@histats.com,Female,56.13.183.13,China
835,Vanya,O'Logan,vologann6@aol.com,Male,208.129.33.229,France
836,Ynes,Haney`,yhaneyn7@ask.com,Female,246.176.147.128,Estonia
837,Loren,Feldberg,lfeldbergn8@kickstarter.com,Female,20.228.2.72,Poland
838,Nata,Nourse,nnoursen9@fc2.com,Female,174.8.236.213,Brazil
839,Joeann,Puxley,jpuxleyna@amazon.co.uk,Female,17.115.232.254,Russia
840,Merrielle,Grishinov,mgrishinovnb@reuters.com,Female,52.55.111.236,Thailand
841,Kessia,Massingberd,kmassingberdnc@cafepress.com,Female,121.65.101.196,France
842,Natividad,Pargeter,npargeternd@examiner.com,Female,214.85.120.164,Portugal
843,Lucita,Cocks,lcocksne@yahoo.co.jp,Female,56.83.231.253,Indonesia
844,Lambert,Cardew,lcardewnf@digg.com,Male,20.108.218.18,Iran
845,Lorne,Mathie,lmathieng@ycombinator.com,Male,28.94.148.99,Pakistan
846,Vlad,Krout,vkroutnh@posterous.com,Male,213.195.180.82,Ukraine
847,Libbey,Marrett,lmarrettni@edublogs.org,Female,193.32.217.192,Germany
848,Bale,Eyers,beyersnj@aboutads.info,Male,81.110.99.218,Indonesia
849,Tybalt,Dinzey,tdinzeynk@hhs.gov,Male,164.255.86.63,Philippines
850,Maxi,Wharram,mwharramnl@flavors.me,Female,153.72.93.58,Portugal
851,Beret,Cariss,bcarissnm@free.fr,Female,188.232.219.98,Indonesia
852,Walden,Butters,wbuttersnn@gmpg.org,Male,133.8.182.0,China
853,Alvy,Scurry,ascurryno@wikia.com,Male,143.238.73.239,Saudi Arabia
854,Stacia,Neenan,sneenannp@feedburner.com,Female,59.48.105.119,Philippines
855,Hayyim,Blodgett,hblodgettnq@artisteer.com,Male,27.181.39.87,China
856,Wanda,Daglish,wdaglishnr@usgs.gov,Female,41.233.6.90,North Korea
857,Maddie,Kloser,mkloserns@elegantthemes.com,Female,214.182.60.190,Russia
858,Anton,Hardan,ahardannt@meetup.com,Male,226.147.5.232,China
859,Dory,Embery,demberynu@flickr.com,Female,126.60.178.13,Poland
860,Addy,Fernandes,afernandesnv@artisteer.com,Female,60.83.70.214,China
861,Jeffrey,Perrycost,jperrycostnw@squarespace.com,Male,37.76.218.81,China
862,Letty,Dearman,ldearmannx@drupal.org,Female,78.213.231.249,Brazil
863,Tatiania,McDugal,tmcdugalny@g.co,Female,27.214.250.183,Brazil
864,Justin,Wixon,jwixonnz@usa.gov,Male,122.212.6.143,Nigeria
865,Tanny,Gretham,tgrethamo0@51.la,Male,147.34.33.112,Czech Republic
866,Ronny,Kopfer,rkopfero1@g.co,Male,135.184.47.249,Philippines
867,Maxim,Neligan,mneligano2@so-net.ne.jp,Male,201.53.124.35,Philippines
868,Ramon,Cassels,rcasselso3@slate.com,Male,115.202.159.99,Armenia
869,Pearce,Fernanando,pfernanandoo4@addtoany.com,Male,25.41.94.19,France
870,Shirlene,Ayer,sayero5@tinypic.com,Female,64.232.135.82,Indonesia
871,Siobhan,Cholwell,scholwello6@google.com.au,Female,17.49.120.195,China
872,Ilario,Avarne,iavarneo7@e-recht24.de,Male,226.128.237.110,China
873,Cathrin,Pechan,cpechano8@slashdot.org,Female,203.77.117.105,Argentina
874,Kalil,Rutherfoord,krutherfoordo9@oakley.com,Male,169.82.228.107,Pakistan
875,Marcelo,Chanter,mchanteroa@google.com,Male,232.189.230.218,Russia
876,Jo-ann,Somner,jsomnerob@answers.com,Female,64.136.33.2,Thailand
877,Tamma,Andrzejewski,tandrzejewskioc@nytimes.com,Female,221.48.158.245,Indonesia
878,Sam,Formby,sformbyod@woothemes.com,Male,93.159.122.107,Uruguay
879,Arie,Wolver,awolveroe@devhub.com,Male,66.63.68.247,Senegal
880,Frannie,Sutheran,fsutheranof@bloglines.com,Female,234.102.29.137,Brazil
881,Selinda,Eyden,seydenog@ucoz.ru,Female,7.204.93.177,Italy
882,Stewart,Ullett,sullettoh@xrea.com,Male,174.10.235.200,Philippines
883,Cris,Polotti,cpolottioi@google.com.au,Male,17.42.206.252,Greece
884,Merci,Lared,mlaredoj@home.pl,Female,181.56.90.31,Brazil
885,Domenic,Cardall,dcardallok@berkeley.edu,Male,255.248.213.123,Nigeria
886,Freda,Rathborne,frathborneol@vimeo.com,Female,255.177.53.143,Greece
887,Ashbey,Fawkes,afawkesom@people.com.cn,Male,243.98.130.240,United States
888,Cammy,Margram,cmargramon@joomla.org,Male,222.233.206.173,Peru
889,Standford,Benninck,sbenninckoo@163.com,Male,190.172.211.239,Russia
890,Vincenz,Pett,vpettop@blogspot.com,Male,227.46.65.63,Kazakhstan
891,Kristofer,Brasse,kbrasseoq@zimbio.com,Male,167.165.168.99,Poland
892,Halette,Cowie,hcowieor@topsy.com,Female,33.148.205.89,Ghana
893,Joaquin,Defont,jdefontos@go.com,Male,62.70.34.244,Philippines
894,Rufus,Howe,rhoweot@bizjournals.com,Male,162.118.216.120,Mexico
895,Dave,Androli,dandroliou@msn.com,Male,187.90.51.74,Indonesia
896,Codee,Philpault,cphilpaultov@hibu.com,Female,230.84.115.247,Italy
897,Desiri,Jirek,djirekow@barnesandnoble.com,Female,204.223.22.71,Indonesia
898,Tiertza,Amort,tamortox@java.com,Female,31.187.178.231,Indonesia
899,Talyah,Scurlock,tscurlockoy@soundcloud.com,Female,74.214.151.152,Venezuela
900,Alain,Sturte,asturteoz@gnu.org,Male,37.108.5.198,Thailand
901,Palmer,Glasspoole,pglasspoolep0@oaic.gov.au,Male,246.101.233.242,United States
902,Debera,Boynes,dboynesp1@flickr.com,Female,107.224.155.194,Poland
903,Robina,Asbery,rasberyp2@gizmodo.com,Female,97.46.101.170,Russia
904,Livvy,Tummons,ltummonsp3@devhub.com,Female,40.31.16.165,Belarus
905,Maury,Vowdon,mvowdonp4@odnoklassniki.ru,Male,123.192.67.176,United States
906,Elana,Iddison,eiddisonp5@ning.com,Female,57.116.245.29,Israel
907,Zachery,Conville,zconvillep6@who.int,Male,115.66.135.142,Brazil
908,Jeniece,Rowlands,jrowlandsp7@narod.ru,Female,31.249.29.82,Russia
909,Sheffie,Delacourt,sdelacourtp8@mail.ru,Male,219.161.82.182,Russia
910,Gisella,MacQuarrie,gmacquarriep9@earthlink.net,Female,133.118.94.26,Sweden
911,Benjamen,Pickin,bpickinpa@comsenz.com,Male,91.166.81.30,Philippines
912,Wyndham,Grassot,wgrassotpb@prweb.com,Male,184.228.210.97,Portugal
913,Brittany,Cortez,bcortezpc@dagondesign.com,Female,146.69.47.50,China
914,Tally,Skeldon,tskeldonpd@bandcamp.com,Female,233.155.203.195,France
915,Phillie,Bernardeschi,pbernardeschipe@shutterfly.com,Female,143.83.14.149,China
916,Rufus,Paunton,rpauntonpf@canalblog.com,Male,216.206.54.220,Sweden
917,Amble,Robichon,arobichonpg@un.org,Male,127.12.37.138,Ukraine
918,Cassondra,Fitchen,cfitchenph@ehow.com,Female,45.35.90.134,Brazil
919,Nichole,Tyas,ntyaspi@ycombinator.com,Female,0.151.24.50,Indonesia
920,Creight,Boswood,cboswoodpj@blogtalkradio.com,Male,91.19.112.133,Ireland
921,Jodie,Fancutt,jfancuttpk@infoseek.co.jp,Male,241.72.52.77,Sweden
922,Dasie,Grattage,dgrattagepl@indiegogo.com,Female,231.3.44.1,Bulgaria
923,Irina,Haggerstone,ihaggerstonepm@exblog.jp,Female,124.31.213.227,Indonesia
924,Lester,McNamara,lmcnamarapn@cam.ac.uk,Male,209.149.253.19,Sweden
925,Westbrooke,Studdard,wstuddardpo@techcrunch.com,Male,26.163.53.193,Ukraine
926,Alexandre,Drinkeld,adrinkeldpp@google.com,Male,199.171.214.21,Poland
927,Salomone,Rudyard,srudyardpq@wix.com,Male,35.103.135.35,Philippines
928,Vania,Librey,vlibreypr@dyndns.org,Female,223.128.183.26,Japan
929,Sullivan,Hadkins,shadkinsps@yolasite.com,Male,191.80.221.33,China
930,Ewell,Brumhead,ebrumheadpt@wired.com,Male,69.185.246.133,Russia
931,Britt,Samuels,bsamuelspu@unesco.org,Male,126.109.195.225,Japan
932,Fonsie,Runham,frunhampv@psu.edu,Male,149.95.139.213,United States
933,Manfred,Cooper,mcooperpw@deviantart.com,Male,206.48.198.59,China
934,Marsha,Bygott,mbygottpx@ox.ac.uk,Female,164.252.4.46,Portugal
935,Gisella,Bolesworth,gbolesworthpy@ucoz.ru,Female,187.11.24.205,Jamaica
936,Jemmy,Perez,jperezpz@storify.com,Female,231.74.206.247,Sweden
937,Isidore,Branno,ibrannoq0@yahoo.co.jp,Male,109.18.230.248,Sweden
938,Harli,Noller,hnollerq1@diigo.com,Female,155.255.126.217,China
939,Alison,Simmonite,asimmoniteq2@noaa.gov,Female,87.235.79.225,Russia
940,Lil,Roarty,lroartyq3@desdev.cn,Female,109.248.178.28,Indonesia
941,Tedra,Kingzet,tkingzetq4@mlb.com,Female,199.30.120.15,France
942,Fredi,Ciotti,fciottiq5@sogou.com,Female,2.73.130.41,China
943,Onfroi,Loveridge,oloveridgeq6@free.fr,Male,131.5.164.1,Argentina
944,Benjamin,Fantini,bfantiniq7@fema.gov,Male,231.190.210.83,Philippines
945,Cornelius,Seviour,cseviourq8@hao123.com,Male,32.145.78.15,Haiti
946,Kurt,Olford,kolfordq9@sciencedirect.com,Male,97.172.101.48,Russia
947,Helge,Buckham,hbuckhamqa@goo.ne.jp,Female,55.135.121.111,Sweden
948,Farris,Reihm,freihmqb@mlb.com,Male,118.52.195.12,China
949,Cybil,Grafham,cgrafhamqc@ft.com,Female,177.214.14.125,China
950,Vitoria,Bris,vbrisqd@fastcompany.com,Female,71.192.50.204,Pakistan
951,Barbie,Gremane,bgremaneqe@list-manage.com,Female,131.243.168.222,Indonesia
952,Minni,Niche,mnicheqf@cbslocal.com,Female,12.136.117.12,Indonesia
953,Killie,Angus,kangusqg@sbwire.com,Male,130.246.16.183,Portugal
954,Miles,Wield,mwieldqh@hubpages.com,Male,167.192.113.86,Burkina Faso
955,Marice,Rosensaft,mrosensaftqi@jimdo.com,Female,80.204.14.254,Poland
956,Napoleon,Pawle,npawleqj@list-manage.com,Male,42.249.99.146,China
957,Garth,Shorter,gshorterqk@independent.co.uk,Male,153.111.39.195,Poland
958,Romola,Seaman,rseamanql@mapquest.com,Female,141.40.29.148,China
959,Lenora,Tidmarsh,ltidmarshqm@dropbox.com,Female,254.193.67.86,Indonesia
960,Vinson,Dansey,vdanseyqn@globo.com,Male,131.103.225.65,China
961,Kimberli,Nunson,knunsonqo@hc360.com,Female,252.28.163.158,Indonesia
962,Berti,Fannin,bfanninqp@ebay.com,Male,163.161.180.15,China
963,Mariellen,Alexandrou,malexandrouqq@altervista.org,Female,201.135.254.243,China
964,Felisha,Lante,flanteqr@mayoclinic.com,Female,119.235.183.49,Poland
965,Kinny,Twidell,ktwidellqs@friendfeed.com,Male,110.144.107.245,Brazil
966,Hester,De Micoli,hdemicoliqt@loc.gov,Female,231.150.214.32,Honduras
967,Kendre,Booy,kbooyqu@miitbeian.gov.cn,Female,68.220.117.240,Philippines
968,Conni,Garz,cgarzqv@hibu.com,Female,87.169.59.189,Brazil
969,Clark,Jasper,cjasperqw@europa.eu,Male,79.29.133.151,Dominican Republic
970,Wynne,Gehrtz,wgehrtzqx@smh.com.au,Female,129.252.58.150,United Arab Emirates
971,Penrod,Gallichan,pgallichanqy@seattletimes.com,Male,181.199.154.211,Philippines
972,Kathlin,Keatch,kkeatchqz@ehow.com,Female,204.83.25.225,Bangladesh
973,Bobinette,Le Friec,blefriecr0@i2i.jp,Female,216.131.180.67,Iran
974,Kylie,Foulsham,kfoulshamr1@google.de,Female,226.3.1.177,France
975,Washington,Di Biasi,wdibiasir2@elegantthemes.com,Male,9.30.47.243,Indonesia
976,Edouard,Bracken,ebrackenr3@alexa.com,Male,198.152.207.154,Nigeria
977,Maura,Mildmott,mmildmottr4@unblog.fr,Female,232.6.230.15,China
978,Osborne,Cersey,ocerseyr5@guardian.co.uk,Male,9.60.197.105,Russia
979,Shannan,Joslow,sjoslowr6@ycombinator.com,Male,31.1.118.62,Serbia
980,Evita,Braybrooke,ebraybrooker7@a8.net,Female,58.173.234.250,Poland
981,Olly,Lukacs,olukacsr8@java.com,Male,226.193.48.39,Indonesia
982,Katheryn,MacKerley,kmackerleyr9@shop-pro.jp,Female,58.62.214.244,Portugal
983,Pasquale,Rookeby,prookebyra@addthis.com,Male,208.210.237.137,Pakistan
984,Faun,Morais,fmoraisrb@va.gov,Female,243.141.16.27,China
985,Frannie,Trewman,ftrewmanrc@cisco.com,Male,89.102.236.7,Indonesia
986,Sosanna,Valiant,svaliantrd@xing.com,Female,220.29.228.226,Indonesia
987,Pandora,Simonini,psimoninire@nhs.uk,Female,38.201.149.235,Philippines
988,Torrence,Horbart,thorbartrf@boston.com,Male,165.75.51.163,Estonia
989,Jan,Lovett,jlovettrg@ocn.ne.jp,Male,238.154.146.79,Swaziland
990,Hamlin,Nellies,hnelliesrh@gnu.org,Male,5.163.39.238,Japan
991,Abbe,Gillson,agillsonri@wordpress.com,Female,2.33.217.63,Peru
992,Agnes,Vela,avelarj@theglobeandmail.com,Female,132.153.22.189,Portugal
993,Editha,Hyslop,ehysloprk@yale.edu,Female,59.2.193.111,United States
994,Trish,Pol,tpolrl@icq.com,Female,152.163.246.130,Ukraine
995,Gal,Masterson,gmastersonrm@epa.gov,Male,14.186.209.251,Colombia
996,Rory,Ondracek,rondracekrn@photobucket.com,Male,77.148.181.87,Ukraine
997,Igor,Bennet,ibennetro@admin.ch,Male,154.11.187.243,Philippines
998,Elmo,Mossom,emossomrp@wisc.edu,Male,116.89.117.92,Russia
999,Merrielle,Glader,mgladerrq@businessweek.com,Female,42.99.143.157,China
1000,Babb,Linbohm,blinbohmrr@fda.gov,Female,177.27.241.191,Russia
